Product_ID,SKU,Category,Brand,Sub_Brand,Product_Name,Presentation,Pack_Quantity,Product_Description,Ingredients_List,Unit_Price
117,BEVARI0117,Beverages,Arizona,Arizona Green Tea,Arizona Green Tea 500 ml,500 ml,1,Energizing blend to keep you going throughout the day,"Water, Sugar, Dextrose, Citric Acid, Salt, Sodium Citrate, Monopotassium Phosphate, Natural and Artificial Flavor, Sucrose Acetate Isobutyrate, Glycerol Ester of Rosin, Yellow 5",1.9
114,BEVARI0114,Beverages,Arizona,Arizona Green Tea,Arizona Green Tea 6-pack,6-pack,6,Energizing blend to keep you going throughout the day. Convenient multi-pack for stocking up,"Water, Sugar, Dextrose, Citric Acid, Salt, Sodium Citrate, Monopotassium Phosphate, Natural and Artificial Flavor, Sucrose Acetate Isobutyrate, Glycerol Ester of Rosin, Yellow 5",5.92
121,BEVARI0121,Beverages,Arizona,Arizona Iced Tea,Arizona Iced Tea 1 gallon,1 gallon,1,Bold flavor and smooth finish,"Water, Sugar, Dextrose, Citric Acid, Salt, Sodium Citrate, Monopotassium Phosphate, Natural and Artificial Flavor, Sucrose Acetate Isobutyrate, Glycerol Ester of Rosin, Yellow 5",4.98
113,BEVCOC0113,Beverages,Coca-Cola,Coca-Cola Diet,Coca-Cola Diet 12 oz,12 oz,1,Refreshing taste that quenches your thirst,"Carbonated Water, High Fructose Corn Syrup, Caramel Color, Phosphoric Acid, Natural Flavors, Caffeine",1.4
91,BEVCOC0091,Beverages,Coca-Cola,Coca-Cola Diet,Coca-Cola Diet 2L,2L,1,Bold flavor and smooth finish,"Carbonated Water, Citric Acid, Natural Flavors, Sodium Citrate, Sodium Benzoate (preservative), Aspartame, Acesulfame Potassium",3.1
107,BEVCOC0107,Beverages,Coca-Cola,Coca-Cola Zero,Coca-Cola Zero 20 oz,20 oz,1,Pure and refreshing hydration,"Carbonated Water, Sugar, Citric Acid, Natural Flavors, Sodium Benzoate (preservative), Potassium Sorbate (preservative)",1.96
111,BEVFAN0111,Beverages,Fanta,Fanta Grape,Fanta Grape 1 gallon,1 gallon,1,Bold flavor and smooth finish,"Carbonated Water, High Fructose Corn Syrup, Caramel Color, Phosphoric Acid, Natural Flavors, Caffeine",5.17
106,BEVFAN0106,Beverages,Fanta,Fanta Grape,Fanta Grape 355 ml,355 ml,1,Energizing blend to keep you going throughout the day,"Carbonated Water, High Fructose Corn Syrup, Caramel Color, Phosphoric Acid, Natural Flavors, Caffeine",1.34
98,BEVFAN0098,Beverages,Fanta,Fanta Orange,Fanta Orange 355 ml,355 ml,1,Classic taste that never gets old,"Carbonated Water, Sugar, Citric Acid, Natural Flavors, Sodium Benzoate (preservative), Potassium Sorbate (preservative)",1.33
119,BEVFAN0119,Beverages,Fanta,Fanta Orange,Fanta Orange 355 ml,355 ml,1,Bold flavor and smooth finish,"Carbonated Water, Sugar, Citric Acid, Natural Flavors, Sodium Benzoate (preservative), Potassium Sorbate (preservative)",1.17
122,BEVFAN0122,Beverages,Fanta,Fanta Orange,Fanta Orange 355 ml,355 ml,1,Refreshing taste that quenches your thirst,"Carbonated Water, High Fructose Corn Syrup, Caramel Color, Phosphoric Acid, Natural Flavors, Caffeine",1.39
97,BEVFAN0097,Beverages,Fanta,Fanta Orange,Fanta Orange 6-pack,6-pack,6,Bold flavor and smooth finish. Convenient multi-pack for stocking up,"Carbonated Water, Citric Acid, Natural Flavors, Sodium Citrate, Sodium Benzoate (preservative), Aspartame, Acesulfame Potassium",5.81
118,BEVFAN0118,Beverages,Fanta,Fanta Strawberry,Fanta Strawberry 12 oz,12 oz,1,Perfectly balanced taste with real fruit flavor,"Carbonated Water, Sugar, Citric Acid, Natural Flavors, Sodium Benzoate (preservative), Potassium Sorbate (preservative)",1.41
129,BEVFAN0129,Beverages,Fanta,Fanta Strawberry,Fanta Strawberry 12 oz,12 oz,1,Perfectly balanced taste with real fruit flavor,"Carbonated Water, Sugar, Citric Acid, Natural Flavors, Sodium Benzoate (preservative), Potassium Sorbate (preservative)",1.57
115,BEVFAN0115,Beverages,Fanta,Fanta Strawberry,Fanta Strawberry 6-pack,6-pack,6,Bold flavor and smooth finish. Convenient multi-pack for stocking up,"Carbonated Water, High Fructose Corn Syrup, Caramel Color, Phosphoric Acid, Natural Flavors, Caffeine",6.34
100,BEVGAT0100,Beverages,Gatorade,Gatorade Fruit Punch,Gatorade Fruit Punch 12-pack,12-pack,12,Classic taste that never gets old. Convenient multi-pack for stocking up,"Water, Sugar, Dextrose, Citric Acid, Salt, Sodium Citrate, Monopotassium Phosphate, Natural and Artificial Flavor, Sucrose Acetate Isobutyrate, Glycerol Ester of Rosin, Yellow 5",9.79
102,BEVGAT0102,Beverages,Gatorade,Gatorade Lemon-Lime,Gatorade Lemon-Lime 24-pack,24-pack,24,Delicious and satisfying refreshment. Convenient multi-pack for stocking up,"Water, Sugar, Dextrose, Citric Acid, Salt, Sodium Citrate, Monopotassium Phosphate, Natural and Artificial Flavor, Sucrose Acetate Isobutyrate, Glycerol Ester of Rosin, Yellow 5",19.65
103,BEVGAT0103,Beverages,Gatorade,Gatorade Lemon-Lime,Gatorade Lemon-Lime 500 ml,500 ml,1,Energizing blend to keep you going throughout the day,"Water, Sugar, Dextrose, Citric Acid, Salt, Sodium Citrate, Monopotassium Phosphate, Natural and Artificial Flavor, Sucrose Acetate Isobutyrate, Glycerol Ester of Rosin, Yellow 5",1.82
109,BEVGAT0109,Beverages,Gatorade,Gatorade Orange,Gatorade Orange 12 oz,12 oz,1,Energizing blend to keep you going throughout the day,"Water, Sugar, Dextrose, Citric Acid, Salt, Sodium Citrate, Monopotassium Phosphate, Natural and Artificial Flavor, Sucrose Acetate Isobutyrate, Glycerol Ester of Rosin, Yellow 5",1.54
99,BEVMIN0099,Beverages,Minute Maid,Minute Maid Apple Juice,Minute Maid Apple Juice 12 oz,12 oz,1,Crisp and invigorating beverage for any occasion,"Filtered Water, Orange Juice Concentrate, Natural Flavors, Citric Acid, Vitamin C (Ascorbic Acid), Vitamin D3",1.6
93,BEVMIN0093,Beverages,Minute Maid,Minute Maid Orange Juice,Minute Maid Orange Juice 2L,2L,1,Crisp and invigorating beverage for any occasion,"Filtered Water, Orange Juice Concentrate, Natural Flavors, Citric Acid, Vitamin C (Ascorbic Acid), Vitamin D3",3.21
105,BEVMON0105,Beverages,Monster,Monster Energy Original,Monster Energy Original 1 gallon,1 gallon,1,Crisp and invigorating beverage for any occasion,"Carbonated Water, Sucrose, Glucose, Citric Acid, Taurine, Sodium Bicarbonate, Magnesium Carbonate, Caffeine, Niacinamide, Calcium Pantothenate, Pyridoxine HCl, Vitamin B12, Natural and Artificial Flavors",5.39
127,BEVMON0127,Beverages,Monster,Monster Energy Ultra,Monster Energy Ultra 12-pack,12-pack,12,Pure and refreshing hydration. Convenient multi-pack for stocking up,"Carbonated Water, Erythritol, Taurine, Citric Acid, Natural Flavors, Panax Ginseng Extract, Caffeine, Sodium Citrate, L-Carnitine, Sucralose, Niacinamide, D-Calcium Pantothenate, Guarana Extract, Inositol, Pyridoxine HCl, Cyanocobalamin",9.88
130,BEVMON0130,Beverages,Monster,Monster Energy Ultra,Monster Energy Ultra 2L,2L,1,Refreshing taste that quenches your thirst,"Carbonated Water, Sucrose, Glucose, Citric Acid, Taurine, Sodium Bicarbonate, Magnesium Carbonate, Caffeine, Niacinamide, Calcium Pantothenate, Pyridoxine HCl, Vitamin B12, Natural and Artificial Flavors",2.86
101,BEVMON0101,Beverages,Monster,Monster Energy Ultra,Monster Energy Ultra 355 ml,355 ml,1,Classic taste that never gets old,"Carbonated Water, Sucrose, Glucose, Citric Acid, Taurine, Sodium Bicarbonate, Magnesium Carbonate, Caffeine, Niacinamide, Calcium Pantothenate, Pyridoxine HCl, Vitamin B12, Natural and Artificial Flavors",1.19
124,BEVMON0124,Beverages,Monster,Monster Energy Ultra,Monster Energy Ultra 355 ml,355 ml,1,Delicious and satisfying refreshment,"Carbonated Water, Sucrose, Glucose, Citric Acid, Taurine, Sodium Bicarbonate, Magnesium Carbonate, Caffeine, Niacinamide, Calcium Pantothenate, Pyridoxine HCl, Vitamin B12, Natural and Artificial Flavors",1.3
126,BEVMON0126,Beverages,Monster,Monster Energy Ultra,Monster Energy Ultra 6-pack,6-pack,6,Crisp and invigorating beverage for any occasion. Convenient multi-pack for stocking up,"Carbonated Water, Sucrose, Glucose, Citric Acid, Taurine, Sodium Bicarbonate, Magnesium Carbonate, Caffeine, Niacinamide, Calcium Pantothenate, Pyridoxine HCl, Vitamin B12, Natural and Artificial Flavors",6.12
104,BEVNES0104,Beverages,Nestlé,Nestlé Pure Life Water,Nestlé Pure Life Water 1 gallon,1 gallon,1,Refreshing taste that quenches your thirst,"Spring Water, Natural Minerals",5.1
110,BEVNES0110,Beverages,Nestlé,Nestlé Pure Life Water,Nestlé Pure Life Water 12 oz,12 oz,1,Classic taste that never gets old,"Purified Water, Magnesium Sulfate, Potassium Bicarbonate, Potassium Chloride",1.51
95,BEVNES0095,Beverages,Nestlé,Nestlé Pure Life Water,Nestlé Pure Life Water 2L,2L,1,Crisp and invigorating beverage for any occasion,"Purified Water, Magnesium Sulfate, Potassium Bicarbonate, Potassium Chloride",2.85
108,BEVNES0108,Beverages,Nestlé,Nestlé Pure Life Water,Nestlé Pure Life Water 500 ml,500 ml,1,Crisp and invigorating beverage for any occasion,"Spring Water, Natural Minerals",1.87
92,BEVPEP0092,Beverages,Pepsi,Pepsi Zero Sugar,Pepsi Zero Sugar 12-pack,12-pack,12,Delicious and satisfying refreshment. Convenient multi-pack for stocking up,"Carbonated Water, High Fructose Corn Syrup, Caramel Color, Phosphoric Acid, Natural Flavors, Caffeine",10.76
125,BEVPEP0125,Beverages,Pepsi,Pepsi Zero Sugar,Pepsi Zero Sugar 1L,1L,1,Refreshing taste that quenches your thirst,"Carbonated Water, Sugar, Citric Acid, Natural Flavors, Sodium Benzoate (preservative), Potassium Sorbate (preservative)",2.64
123,BEVPEP0123,Beverages,Pepsi,Pepsi Zero Sugar,Pepsi Zero Sugar 2L,2L,1,Pure and refreshing hydration,"Carbonated Water, High Fructose Corn Syrup, Caramel Color, Phosphoric Acid, Natural Flavors, Caffeine",2.8
96,BEVPEP0096,Beverages,Pepsi,Pepsi Zero Sugar,Pepsi Zero Sugar 355 ml,355 ml,1,Bold flavor and smooth finish,"Carbonated Water, Citric Acid, Natural Flavors, Sodium Citrate, Sodium Benzoate (preservative), Aspartame, Acesulfame Potassium",1.38
120,BEVRED0120,Beverages,Red Bull,Red Bull Original,Red Bull Original 6-pack,6-pack,6,Pure and refreshing hydration. Convenient multi-pack for stocking up,"Carbonated Water, Erythritol, Taurine, Citric Acid, Natural Flavors, Panax Ginseng Extract, Caffeine, Sodium Citrate, L-Carnitine, Sucralose, Niacinamide, D-Calcium Pantothenate, Guarana Extract, Inositol, Pyridoxine HCl, Cyanocobalamin",5.89
116,BEVSPR0116,Beverages,Sprite,Sprite Regular,Sprite Regular 12 oz,12 oz,1,Crisp and invigorating beverage for any occasion,"Carbonated Water, Sugar, Citric Acid, Natural Flavors, Sodium Benzoate (preservative), Potassium Sorbate (preservative)",1.49
112,BEVSPR0112,Beverages,Sprite,Sprite Zero,Sprite Zero 1 gallon,1 gallon,1,Delicious and satisfying refreshment,"Carbonated Water, Citric Acid, Natural Flavors, Sodium Citrate, Sodium Benzoate (preservative), Aspartame, Acesulfame Potassium",5.04
94,BEVSPR0094,Beverages,Sprite,Sprite Zero,Sprite Zero 355 ml,355 ml,1,Refreshing taste that quenches your thirst,"Carbonated Water, Sugar, Citric Acid, Natural Flavors, Sodium Benzoate (preservative), Potassium Sorbate (preservative)",1.21
128,BEVSPR0128,Beverages,Sprite,Sprite Zero,Sprite Zero 6-pack,6-pack,6,Energizing blend to keep you going throughout the day. Convenient multi-pack for stocking up,"Carbonated Water, Sugar, Citric Acid, Natural Flavors, Sodium Benzoate (preservative), Potassium Sorbate (preservative)",5.7
133,DAICHO0133,Dairy and Refrigerated,Chobani,Chobani Greek Yogurt Plain,Chobani Greek Yogurt Plain 1 lb,1 lb,1,High-quality dairy product with natural ingredients,"Cultured Pasteurized Grade A Milk, Sugar, Strawberries, Modified Corn Starch, Kosher Gelatin, Natural Flavor, Citric Acid, Sodium Citrate, Red 40, Vitamin D3, Live and Active Cultures (L. Bulgaricus, S. Thermophilus, L. Acidophilus, Bifidus, L. Casei)",3.63
137,DAIDAN0137,Dairy and Refrigerated,Dannon,Dannon Greek Yogurt,Dannon Greek Yogurt 1 lb,1 lb,1,Delicious taste and nutritious goodness,"Cultured Pasteurized Grade A Low Fat Milk, Sugar, Natural Flavors, Modified Food Starch, Kosher Gelatin, Citric Acid, Potassium Sorbate, Vitamin A Palmitate, Vitamin D3, Live Cultures",3.47
150,DAIDAN0150,Dairy and Refrigerated,Dannon,Dannon Greek Yogurt,Dannon Greek Yogurt 16 oz,16 oz,1,Made from premium milk for superior quality,"Cultured Pasteurized Grade A Low Fat Milk, Sugar, Natural Flavors, Modified Food Starch, Kosher Gelatin, Citric Acid, Potassium Sorbate, Vitamin A Palmitate, Vitamin D3, Live Cultures",2.36
149,DAIDAN0149,Dairy and Refrigerated,Dannon,Dannon Yogurt Strawberry,Dannon Yogurt Strawberry 32 oz,32 oz,1,High-quality dairy product with natural ingredients,"Cultured Pasteurized Grade A Milk, Sugar, Strawberries, Modified Corn Starch, Kosher Gelatin, Natural Flavor, Citric Acid, Sodium Citrate, Red 40, Vitamin D3, Live and Active Cultures (L. Bulgaricus, S. Thermophilus, L. Acidophilus, Bifidus, L. Casei)",3.75
143,DAIDAN0143,Dairy and Refrigerated,Dannon,Dannon Yogurt Strawberry,Dannon Yogurt Strawberry 6-pack,6-pack,6,Made from premium milk for superior quality. Convenient multi-pack for stocking up,"Cultured Pasteurized Grade A Milk, Sugar, Strawberries, Modified Corn Starch, Kosher Gelatin, Natural Flavor, Citric Acid, Sodium Citrate, Red 40, Vitamin D3, Live and Active Cultures (L. Bulgaricus, S. Thermophilus, L. Acidophilus, Bifidus, L. Casei)",5.41
148,DAIDAN0148,Dairy and Refrigerated,Dannon,Dannon Yogurt Vanilla,Dannon Yogurt Vanilla 32 oz,32 oz,1,"Perfect for breakfast, snacks, or cooking","Cultured Pasteurized Grade A Milk, Sugar, Strawberries, Modified Corn Starch, Kosher Gelatin, Natural Flavor, Citric Acid, Sodium Citrate, Red 40, Vitamin D3, Live and Active Cultures (L. Bulgaricus, S. Thermophilus, L. Acidophilus, Bifidus, L. Casei)",4.11
142,DAIDAN0142,Dairy and Refrigerated,Dannon,Dannon Yogurt Vanilla,Dannon Yogurt Vanilla 4-pack,4-pack,4,Made from premium milk for superior quality. Convenient multi-pack for stocking up,"Cultured Pasteurized Grade A Low Fat Milk, Sugar, Natural Flavors, Modified Food Starch, Kosher Gelatin, Citric Acid, Potassium Sorbate, Vitamin A Palmitate, Vitamin D3, Live Cultures",4.04
154,DAIDAN0154,Dairy and Refrigerated,Dannon,Dannon Yogurt Vanilla,Dannon Yogurt Vanilla 4-pack,4-pack,4,"Fresh and creamy with rich, smooth texture. Convenient multi-pack for stocking up","Cultured Pasteurized Grade A Milk, Sugar, Strawberries, Modified Corn Starch, Kosher Gelatin, Natural Flavor, Citric Acid, Sodium Citrate, Red 40, Vitamin D3, Live and Active Cultures (L. Bulgaricus, S. Thermophilus, L. Acidophilus, Bifidus, L. Casei)",4.13
138,DAIGRE0138,Dairy and Refrigerated,Great Value,Great Value Milk 2%,Great Value Milk 2% 1 lb,1 lb,1,"Perfect for breakfast, snacks, or cooking","Grade A Pasteurized Milk, Vitamin D3",3.74
132,DAIGRE0132,Dairy and Refrigerated,Great Value,Great Value Milk 2%,Great Value Milk 2% 16 oz package,16 oz package,1,High-quality dairy product with natural ingredients. Convenient multi-pack for stocking up,"Grade A Pasteurized Milk, Vitamin D3",4.57
159,DAIGRE0159,Dairy and Refrigerated,Great Value,Great Value Milk Whole,Great Value Milk Whole 1 lb,1 lb,1,"Fresh and creamy with rich, smooth texture","Grade A Pasteurized Reduced Fat Milk, Vitamin A Palmitate, Vitamin D3",3.71
145,DAIGRE0145,Dairy and Refrigerated,Great Value,Great Value Milk Whole,Great Value Milk Whole 8 oz package,8 oz package,1,Fresh taste you can trust. Convenient multi-pack for stocking up,"Grade A Pasteurized Milk, Vitamin D3",2.89
156,DAIKRA0156,Dairy and Refrigerated,Kraft,Kraft Singles American,Kraft Singles American 1 gallon,1 gallon,1,Made from premium milk for superior quality,"Cultured Milk, Water, Milkfat, Sodium Citrate, Salt, Sodium Phosphate, Sorbic Acid (preservative), Lactic Acid, Enzymes, Annatto and Paprika (color), Vitamin D3",4.27
134,DAIKRA0134,Dairy and Refrigerated,Kraft,Kraft Singles American,Kraft Singles American 1 lb,1 lb,1,"Perfect for breakfast, snacks, or cooking","Pasteurized Milk, Cheese Culture, Salt, Enzymes, Potato Starch and Powdered Cellulose (anti-caking), Natamycin (natural mold inhibitor)",3.43
139,DAILAN0139,Dairy and Refrigerated,Land O'Lakes,Land O'Lakes Butter Salted,Land O'Lakes Butter Salted 8 oz package,8 oz package,1,Delicious taste and nutritious goodness. Convenient multi-pack for stocking up,"Cream, Salt",2.82
141,DAILAN0141,Dairy and Refrigerated,Land O'Lakes,Land O'Lakes Butter Salted,Land O'Lakes Butter Salted 8 oz package,8 oz package,1,Fresh taste you can trust. Convenient multi-pack for stocking up,"Sweet Cream, Natural Flavoring",3.24
146,DAILAN0146,Dairy and Refrigerated,Land O'Lakes,Land O'Lakes Butter Unsalted,Land O'Lakes Butter Unsalted 1 lb,1 lb,1,Rich source of calcium and protein,"Cream, Salt",3.32
155,DAILAN0155,Dairy and Refrigerated,Land O'Lakes,Land O'Lakes Butter Unsalted,Land O'Lakes Butter Unsalted 32 oz,32 oz,1,Made from premium milk for superior quality,"Sweet Cream, Natural Flavoring",3.65
136,DAILAN0136,Dairy and Refrigerated,Land O'Lakes,Land O'Lakes Butter Unsalted,Land O'Lakes Butter Unsalted 4-pack,4-pack,4,Delicious taste and nutritious goodness. Convenient multi-pack for stocking up,"Cream, Salt",4.35
140,DAILAN0140,Dairy and Refrigerated,Land O'Lakes,Land O'Lakes Butter Unsalted,Land O'Lakes Butter Unsalted 6 oz,6 oz,1,Creamy texture and authentic dairy flavor,"Cream, Salt",0.97
158,DAILAN0158,Dairy and Refrigerated,Land O'Lakes,Land O'Lakes Butter Unsalted,Land O'Lakes Butter Unsalted 8 oz,8 oz,1,High-quality dairy product with natural ingredients,"Cream, Salt",1.29
151,DAITRO0151,Dairy and Refrigerated,Tropicana,Tropicana Orange Juice No Pulp,Tropicana Orange Juice No Pulp 4-pack,4-pack,4,Made from premium milk for superior quality. Convenient multi-pack for stocking up,"Pasteurized Milk, Cheese Culture, Salt, Enzymes, Potato Starch and Powdered Cellulose (anti-caking), Natamycin (natural mold inhibitor)",4.35
144,DAITRO0144,Dairy and Refrigerated,Tropicana,Tropicana Orange Juice No Pulp,Tropicana Orange Juice No Pulp 6 oz,6 oz,1,Creamy texture and authentic dairy flavor,"Cultured Milk, Water, Milkfat, Sodium Citrate, Salt, Sodium Phosphate, Sorbic Acid (preservative), Lactic Acid, Enzymes, Annatto and Paprika (color), Vitamin D3",0.94
152,DAITRO0152,Dairy and Refrigerated,Tropicana,Tropicana Orange Juice Some Pulp,Tropicana Orange Juice Some Pulp 0.5 gallon,0.5 gallon,1,High-quality dairy product with natural ingredients,"Cheddar Cheese (Pasteurized Milk, Cheese Culture, Salt, Enzymes, Annatto), Potato Starch and Powdered Cellulose (anti-caking), Natamycin",2.32
135,DAITRO0135,Dairy and Refrigerated,Tropicana,Tropicana Orange Juice Some Pulp,Tropicana Orange Juice Some Pulp 6 oz,6 oz,1,High-quality dairy product with natural ingredients,"Pasteurized Milk, Cheese Culture, Salt, Enzymes, Potato Starch and Powdered Cellulose (anti-caking), Natamycin (natural mold inhibitor)",0.93
131,DAIYOP0131,Dairy and Refrigerated,Yoplait,Yoplait Greek,Yoplait Greek 1 gallon,1 gallon,1,Made from premium milk for superior quality,"Pasteurized Milk, Cheese Culture, Salt, Enzymes, Potato Starch and Powdered Cellulose (anti-caking), Natamycin (natural mold inhibitor)",3.78
157,DAIYOP0157,Dairy and Refrigerated,Yoplait,Yoplait Greek,Yoplait Greek 6 oz,6 oz,1,"Fresh and creamy with rich, smooth texture","Cheddar Cheese (Pasteurized Milk, Cheese Culture, Salt, Enzymes, Annatto), Potato Starch and Powdered Cellulose (anti-caking), Natamycin",0.96
160,DAIYOP0160,Dairy and Refrigerated,Yoplait,Yoplait Original Peach,Yoplait Original Peach 0.5 gallon,0.5 gallon,1,Made from premium milk for superior quality,"Cultured Milk, Water, Milkfat, Sodium Citrate, Salt, Sodium Phosphate, Sorbic Acid (preservative), Lactic Acid, Enzymes, Annatto and Paprika (color), Vitamin D3",2.56
147,DAIYOP0147,Dairy and Refrigerated,Yoplait,Yoplait Original Peach,Yoplait Original Peach 6 oz,6 oz,1,"Perfect for breakfast, snacks, or cooking","Pasteurized Milk, Cheese Culture, Salt, Enzymes, Potato Starch and Powdered Cellulose (anti-caking), Natamycin (natural mold inhibitor)",1.04
153,DAIYOP0153,Dairy and Refrigerated,Yoplait,Yoplait Original Strawberry,Yoplait Original Strawberry 1 gallon,1 gallon,1,Rich source of calcium and protein,"Cheddar Cheese (Pasteurized Milk, Cheese Culture, Salt, Enzymes, Annatto), Potato Starch and Powdered Cellulose (anti-caking), Natamycin",3.68
7,DETAJA0007,Detergents and Cleaning,Ajax,Ajax Antibacterial,Ajax Antibacterial 100 oz,100 oz,1,Advanced stain-fighting technology with a long-lasting fresh scent,"Water, Pine Oil, Isopropyl Alcohol, Sodium Dodecylbenzenesulfonate, Alkyl Dimethyl Benzyl Ammonium Chloride, Glycolic Acid, Fragrance, Colorants",13.54
2,DETAJA0002,Detergents and Cleaning,Ajax,Ajax Antibacterial,Ajax Antibacterial 1L,1L,1,Powerful cleaning formula that tackles tough stains and leaves clothes fresh,"Water, Isopropanol, 2-Butoxyethanol, Sodium C12-15 Pareth Sulfate, Lauramine Oxide, Fragrance, Tetrasodium EDTA, Colorants, Methylisothiazolinone",7.24
32,DETAJA0032,Detergents and Cleaning,Ajax,Ajax Antibacterial,Ajax Antibacterial 1L,1L,1,Advanced stain-fighting technology with a long-lasting fresh scent,"Water, Isopropanol, 2-Butoxyethanol, Sodium C12-15 Pareth Sulfate, Lauramine Oxide, Fragrance, Tetrasodium EDTA, Colorants, Methylisothiazolinone",7.51
25,DETAJA0025,Detergents and Cleaning,Ajax,Ajax Antibacterial,Ajax Antibacterial 24 pods,24 pods,24,Multi-surface cleaner that disinfects and deodorizes,"Water, Isopropanol, 2-Butoxyethanol, Sodium C12-15 Pareth Sulfate, Lauramine Oxide, Fragrance, Tetrasodium EDTA, Colorants, Methylisothiazolinone",7.34
17,DETAJA0017,Detergents and Cleaning,Ajax,Ajax Antibacterial,Ajax Antibacterial 3L,3L,1,Gentle yet effective cleaning for everyday use,"Water, Pine Oil, Isopropyl Alcohol, Sodium Dodecylbenzenesulfonate, Alkyl Dimethyl Benzyl Ammonium Chloride, Glycolic Acid, Fragrance, Colorants",14.91
34,DETAJA0034,Detergents and Cleaning,Ajax,Ajax Lavender,Ajax Lavender 2L,2L,1,Concentrated formula provides excellent cleaning performance,"Water, Isopropanol, 2-Butoxyethanol, Sodium C12-15 Pareth Sulfate, Lauramine Oxide, Fragrance, Tetrasodium EDTA, Colorants, Methylisothiazolinone",12.08
39,DETAJA0039,Detergents and Cleaning,Ajax,Ajax Lavender,Ajax Lavender 48 pods,48 pods,48,Gentle yet effective cleaning for everyday use,"Water, Isopropanol, 2-Butoxyethanol, Sodium C12-15 Pareth Sulfate, Lauramine Oxide, Fragrance, Tetrasodium EDTA, Colorants, Methylisothiazolinone",16.11
38,DETAJA0038,Detergents and Cleaning,Ajax,Ajax Lemon,Ajax Lemon 24 pods,24 pods,24,Advanced stain-fighting technology with a long-lasting fresh scent,"Water, Isopropanol, 2-Butoxyethanol, Sodium C12-15 Pareth Sulfate, Lauramine Oxide, Fragrance, Tetrasodium EDTA, Colorants, Methylisothiazolinone",8.7
8,DETAJA0008,Detergents and Cleaning,Ajax,Ajax Lemon,Ajax Lemon 64 oz,64 oz,1,Advanced stain-fighting technology with a long-lasting fresh scent,"Water, Pine Oil, Isopropyl Alcohol, Sodium Dodecylbenzenesulfonate, Alkyl Dimethyl Benzyl Ammonium Chloride, Glycolic Acid, Fragrance, Colorants",9.2
14,DETARI0014,Detergents and Cleaning,Ariel,Ariel Color,Ariel Color 32 oz,32 oz,1,Professional-grade cleaning power for spotless results,"Water, Sodium Laureth Sulfate, Linear Alkylbenzene Sulfonate, Sodium Citrate, Glycerin, Sodium Chloride, Fragrance, Enzymes (Protease, Amylase, Mannanase), Optical Brighteners, Preservatives (Methylisothiazolinone)",5.93
3,DETARI0003,Detergents and Cleaning,Ariel,Ariel Mountain Spring,Ariel Mountain Spring 100 oz,100 oz,1,Multi-surface cleaner that disinfects and deodorizes,"Water, Sodium Laureth Sulfate, Linear Alkylbenzene Sulfonate, Sodium Citrate, Glycerin, Sodium Chloride, Fragrance, Enzymes (Protease, Amylase, Mannanase), Optical Brighteners, Preservatives (Methylisothiazolinone)",12.68
37,DETARI0037,Detergents and Cleaning,Ariel,Ariel Regular,Ariel Regular 24 pods,24 pods,24,Fresh scent technology keeps surfaces clean and fragrant,"Water, Sodium Laureth Sulfate, Linear Alkylbenzene Sulfonate, Sodium Citrate, Glycerin, Sodium Chloride, Fragrance, Enzymes (Protease, Amylase, Mannanase), Optical Brighteners, Preservatives (Methylisothiazolinone)",8.5
1,DETARI0001,Detergents and Cleaning,Ariel,Ariel Regular,Ariel Regular 32 oz,32 oz,1,Advanced stain-fighting technology with a long-lasting fresh scent,"Water, Sodium Laureth Sulfate, Linear Alkylbenzene Sulfonate, Sodium Citrate, Glycerin, Sodium Chloride, Fragrance, Enzymes (Protease, Amylase, Mannanase), Optical Brighteners, Preservatives (Methylisothiazolinone)",5.68
4,DETARI0004,Detergents and Cleaning,Ariel,Ariel Regular,Ariel Regular 3L,3L,1,Professional-grade cleaning power for spotless results,"Water, Sodium Laureth Sulfate, Linear Alkylbenzene Sulfonate, Sodium Citrate, Glycerin, Sodium Chloride, Fragrance, Enzymes (Protease, Amylase, Mannanase), Optical Brighteners, Preservatives (Methylisothiazolinone)",16.01
16,DETCLO0016,Detergents and Cleaning,Clorox,Clorox Disinfecting,Clorox Disinfecting 1L,1L,1,Professional-grade cleaning power for spotless results,"Water, Pine Oil, Isopropyl Alcohol, Sodium Dodecylbenzenesulfonate, Alkyl Dimethyl Benzyl Ammonium Chloride, Glycolic Acid, Fragrance, Colorants",7.14
33,DETCLO0033,Detergents and Cleaning,Clorox,Clorox Disinfecting,Clorox Disinfecting 48 pods,48 pods,48,Concentrated formula provides excellent cleaning performance,"Water, Pine Oil, Isopropyl Alcohol, Sodium Dodecylbenzenesulfonate, Alkyl Dimethyl Benzyl Ammonium Chloride, Glycolic Acid, Fragrance, Colorants",15.32
23,DETCLO0023,Detergents and Cleaning,Clorox,Clorox Disinfecting,Clorox Disinfecting 72 pods,72 pods,72,Gentle yet effective cleaning for everyday use,"Water, Pine Oil, Isopropyl Alcohol, Sodium Dodecylbenzenesulfonate, Alkyl Dimethyl Benzyl Ammonium Chloride, Glycolic Acid, Fragrance, Colorants",19.7
10,DETCLO0010,Detergents and Cleaning,Clorox,Clorox Regular,Clorox Regular 24 pods,24 pods,24,Powerful cleaning formula that tackles tough stains and leaves clothes fresh,"Water, Pine Oil, Isopropyl Alcohol, Sodium Dodecylbenzenesulfonate, Alkyl Dimethyl Benzyl Ammonium Chloride, Glycolic Acid, Fragrance, Colorants",8.05
11,DETDOW0011,Detergents and Cleaning,Downy,Downy April Fresh,Downy April Fresh 48 pods,48 pods,48,Powerful cleaning formula that tackles tough stains and leaves clothes fresh,"Water, Sodium Laureth Sulfate, Linear Alkylbenzene Sulfonate, Sodium Citrate, Glycerin, Sodium Chloride, Fragrance, Enzymes (Protease, Amylase, Mannanase), Optical Brighteners, Preservatives (Methylisothiazolinone)",14.37
40,DETDOW0040,Detergents and Cleaning,Downy,Downy April Fresh,Downy April Fresh 48 pods,48 pods,48,Advanced stain-fighting technology with a long-lasting fresh scent,"Water, Sodium Lauryl Sulfate, Sodium C14-16 Olefin Sulfonate, Cocamide DEA, Sodium Chloride, Citric Acid, Fragrance, DMDM Hydantoin, Colorants",15.76
9,DETDOW0009,Detergents and Cleaning,Downy,Downy April Fresh,Downy April Fresh 64 oz,64 oz,1,Gentle yet effective cleaning for everyday use,"Water, Sodium Laureth Sulfate, Linear Alkylbenzene Sulfonate, Sodium Citrate, Glycerin, Sodium Chloride, Fragrance, Enzymes (Protease, Amylase, Mannanase), Optical Brighteners, Preservatives (Methylisothiazolinone)",10.68
24,DETDOW0024,Detergents and Cleaning,Downy,Downy Infusions,Downy Infusions 3L,3L,1,Concentrated formula provides excellent cleaning performance,"Water, Sodium Laureth Sulfate, Linear Alkylbenzene Sulfonate, Sodium Citrate, Glycerin, Sodium Chloride, Fragrance, Enzymes (Protease, Amylase, Mannanase), Optical Brighteners, Preservatives (Methylisothiazolinone)",17.58
18,DETDOW0018,Detergents and Cleaning,Downy,Downy Infusions,Downy Infusions 48 pods,48 pods,48,Professional-grade cleaning power for spotless results,"Water, C10-16 Alkyl Benzenesulfonate, Alcohol Ethoxylate, Propylene Glycol, Sodium Hydroxide, Fragrance, Colorants, Tetrasodium EDTA, Methylchloroisothiazolinone",14.15
27,DETDOW0027,Detergents and Cleaning,Downy,Downy Ultra,Downy Ultra 1L,1L,1,Professional-grade cleaning power for spotless results,"Water, Sodium Lauryl Sulfate, Sodium C14-16 Olefin Sulfonate, Cocamide DEA, Sodium Chloride, Citric Acid, Fragrance, DMDM Hydantoin, Colorants",6.83
13,DETFAB0013,Detergents and Cleaning,Fabuloso,Fabuloso Lemon,Fabuloso Lemon 1L,1L,1,Professional-grade cleaning power for spotless results,"Water, Pine Oil, Isopropyl Alcohol, Sodium Dodecylbenzenesulfonate, Alkyl Dimethyl Benzyl Ammonium Chloride, Glycolic Acid, Fragrance, Colorants",7.49
20,DETMR.0020,Detergents and Cleaning,Mr. Clean,Mr. Clean Antibacterial,Mr. Clean Antibacterial 32 oz,32 oz,1,Multi-surface cleaner that disinfects and deodorizes,"Water, Pine Oil, Isopropyl Alcohol, Sodium Dodecylbenzenesulfonate, Alkyl Dimethyl Benzyl Ammonium Chloride, Glycolic Acid, Fragrance, Colorants",5.47
36,DETMR.0036,Detergents and Cleaning,Mr. Clean,Mr. Clean Antibacterial,Mr. Clean Antibacterial 3L,3L,1,Powerful cleaning formula that tackles tough stains and leaves clothes fresh,"Water, Isopropanol, 2-Butoxyethanol, Sodium C12-15 Pareth Sulfate, Lauramine Oxide, Fragrance, Tetrasodium EDTA, Colorants, Methylisothiazolinone",14.58
12,DETMR.0012,Detergents and Cleaning,Mr. Clean,Mr. Clean Multi-Surface,Mr. Clean Multi-Surface 1L,1L,1,Advanced stain-fighting technology with a long-lasting fresh scent,"Water, Isopropanol, 2-Butoxyethanol, Sodium C12-15 Pareth Sulfate, Lauramine Oxide, Fragrance, Tetrasodium EDTA, Colorants, Methylisothiazolinone",6.36
21,DETMR.0021,Detergents and Cleaning,Mr. Clean,Mr. Clean Multi-Surface,Mr. Clean Multi-Surface 24 pods,24 pods,24,Powerful cleaning formula that tackles tough stains and leaves clothes fresh,"Water, Isopropanol, 2-Butoxyethanol, Sodium C12-15 Pareth Sulfate, Lauramine Oxide, Fragrance, Tetrasodium EDTA, Colorants, Methylisothiazolinone",7.82
30,DETMR.0030,Detergents and Cleaning,Mr. Clean,Mr. Clean Multi-Surface,Mr. Clean Multi-Surface 32 oz,32 oz,1,Advanced stain-fighting technology with a long-lasting fresh scent,"Water, Pine Oil, Isopropyl Alcohol, Sodium Dodecylbenzenesulfonate, Alkyl Dimethyl Benzyl Ammonium Chloride, Glycolic Acid, Fragrance, Colorants",5.91
19,DETMR.0019,Detergents and Cleaning,Mr. Clean,Mr. Clean Multi-Surface,Mr. Clean Multi-Surface 3L,3L,1,Fresh scent technology keeps surfaces clean and fragrant,"Water, Pine Oil, Isopropyl Alcohol, Sodium Dodecylbenzenesulfonate, Alkyl Dimethyl Benzyl Ammonium Chloride, Glycolic Acid, Fragrance, Colorants",17.02
15,DETMR.0015,Detergents and Cleaning,Mr. Clean,Mr. Clean Multi-Surface,Mr. Clean Multi-Surface 64 oz,64 oz,1,Powerful cleaning formula that tackles tough stains and leaves clothes fresh,"Water, Pine Oil, Isopropyl Alcohol, Sodium Dodecylbenzenesulfonate, Alkyl Dimethyl Benzyl Ammonium Chloride, Glycolic Acid, Fragrance, Colorants",9.7
28,DETPIN0028,Detergents and Cleaning,Pine-Sol,Pine-Sol Lavender,Pine-Sol Lavender 48 pods,48 pods,48,Concentrated formula provides excellent cleaning performance,"Water, Isopropanol, 2-Butoxyethanol, Sodium C12-15 Pareth Sulfate, Lauramine Oxide, Fragrance, Tetrasodium EDTA, Colorants, Methylisothiazolinone",16.07
6,DETPIN0006,Detergents and Cleaning,Pine-Sol,Pine-Sol Lavender,Pine-Sol Lavender 500ml,500ml,1,Deep cleaning action that removes dirt and grime effectively,"Water, Pine Oil, Isopropyl Alcohol, Sodium Dodecylbenzenesulfonate, Alkyl Dimethyl Benzyl Ammonium Chloride, Glycolic Acid, Fragrance, Colorants",4.2
22,DETPIN0022,Detergents and Cleaning,Pine-Sol,Pine-Sol Original,Pine-Sol Original 32 oz,32 oz,1,Deep cleaning action that removes dirt and grime effectively,"Water, Isopropanol, 2-Butoxyethanol, Sodium C12-15 Pareth Sulfate, Lauramine Oxide, Fragrance, Tetrasodium EDTA, Colorants, Methylisothiazolinone",5.56
31,DETPIN0031,Detergents and Cleaning,Pine-Sol,Pine-Sol Original,Pine-Sol Original 32 oz,32 oz,1,Gentle yet effective cleaning for everyday use,"Water, Isopropanol, 2-Butoxyethanol, Sodium C12-15 Pareth Sulfate, Lauramine Oxide, Fragrance, Tetrasodium EDTA, Colorants, Methylisothiazolinone",6.56
35,DETTID0035,Detergents and Cleaning,Tide,Tide Free & Gentle,Tide Free & Gentle 24 pods,24 pods,24,Multi-surface cleaner that disinfects and deodorizes,"Water, Sodium Laureth Sulfate, Linear Alkylbenzene Sulfonate, Sodium Citrate, Glycerin, Sodium Chloride, Fragrance, Enzymes (Protease, Amylase, Mannanase), Optical Brighteners, Preservatives (Methylisothiazolinone)",7.22
26,DETTID0026,Detergents and Cleaning,Tide,Tide Original,Tide Original 2L,2L,1,Deep cleaning action that removes dirt and grime effectively,"Water, Sodium Lauryl Sulfate, Sodium C14-16 Olefin Sulfonate, Cocamide DEA, Sodium Chloride, Citric Acid, Fragrance, DMDM Hydantoin, Colorants",12.3
29,DETTID0029,Detergents and Cleaning,Tide,Tide Original,Tide Original 48 pods,48 pods,48,Advanced stain-fighting technology with a long-lasting fresh scent,"Water, Sodium Lauryl Sulfate, Sodium C14-16 Olefin Sulfonate, Cocamide DEA, Sodium Chloride, Citric Acid, Fragrance, DMDM Hydantoin, Colorants",15.74
5,DETTID0005,Detergents and Cleaning,Tide,Tide Plus Bleach,Tide Plus Bleach 48 pods,48 pods,48,Professional-grade cleaning power for spotless results,"Water, Sodium Laureth Sulfate, Linear Alkylbenzene Sulfonate, Sodium Citrate, Glycerin, Sodium Chloride, Fragrance, Enzymes (Protease, Amylase, Mannanase), Optical Brighteners, Preservatives (Methylisothiazolinone)",14.75
82,DRYBAR0082,Dry and Canned Foods,Barilla,Barilla Linguine,Barilla Linguine 1 lb,1 lb,1,Convenient and ready-to-use for quick meal preparation,100% Durum Wheat Semolina,2.34
41,DRYBAR0041,Dry and Canned Foods,Barilla,Barilla Linguine,Barilla Linguine 16 oz,16 oz,1,Perfect for creating your favorite recipes,"Durum Wheat Semolina, Niacin, Ferrous Sulfate (Iron), Thiamine Mononitrate, Riboflavin, Folic Acid",1.95
59,DRYBAR0059,Dry and Canned Foods,Barilla,Barilla Penne,Barilla Penne 10.75 oz,10.75 oz,1,Perfect for creating your favorite recipes,"Durum Wheat Semolina, Niacin, Ferrous Sulfate (Iron), Thiamine Mononitrate, Riboflavin, Folic Acid",1.2
68,DRYBAR0068,Dry and Canned Foods,Barilla,Barilla Penne,Barilla Penne 14.5 oz,14.5 oz,1,High-quality product packed at peak freshness,100% Durum Wheat Semolina,1.62
63,DRYBAR0063,Dry and Canned Foods,Barilla,Barilla Penne,Barilla Penne 28 oz,28 oz,1,Convenient and ready-to-use for quick meal preparation,100% Durum Wheat Semolina,3.27
43,DRYBAR0043,Dry and Canned Foods,Barilla,Barilla Spaghetti,Barilla Spaghetti 14.5 oz,14.5 oz,1,Made with carefully selected ingredients for great taste,"Durum Wheat Semolina, Niacin, Ferrous Sulfate (Iron), Thiamine Mononitrate, Riboflavin, Folic Acid",1.44
58,DRYBAR0058,Dry and Canned Foods,Barilla,Barilla Spaghetti,Barilla Spaghetti 2 lb,2 lb,1,Made with carefully selected ingredients for great taste,100% Durum Wheat Semolina,4.48
55,DRYBUS0055,Dry and Canned Foods,Bush's,Bush's Baked Beans Original,Bush's Baked Beans Original 14.5 oz,14.5 oz,1,Convenient and ready-to-use for quick meal preparation,"Sweet Corn, Water, Sugar, Salt, Natural Flavor",1.47
54,DRYBUS0054,Dry and Canned Foods,Bush's,Bush's Baked Beans Original,Bush's Baked Beans Original 2 lb,2 lb,1,High-quality product packed at peak freshness,"Sweet Corn, Water, Sugar, Salt, Natural Flavor",4.21
78,DRYBUS0078,Dry and Canned Foods,Bush's,Bush's Black Beans,Bush's Black Beans 1 kg,1 kg,1,Made with carefully selected ingredients for great taste,"Sweet Corn, Water, Sugar, Salt, Natural Flavor",5.47
87,DRYBUS0087,Dry and Canned Foods,Bush's,Bush's Black Beans,Bush's Black Beans 18 oz,18 oz,1,Nutritious and delicious addition to any meal,"Sweet Corn, Water, Sugar, Salt, Natural Flavor",3.15
61,DRYBUS0061,Dry and Canned Foods,Bush's,Bush's Black Beans,Bush's Black Beans 2 lb,2 lb,1,Convenient and ready-to-use for quick meal preparation,"Sweet Corn, Water, Sugar, Salt, Natural Flavor",4.67
46,DRYCAM0046,Dry and Canned Foods,Campbell's,Campbell's Chicken Noodle,Campbell's Chicken Noodle 14.5 oz,14.5 oz,1,Made with carefully selected ingredients for great taste,"Rice, Sugar, Salt, Malt Flavor, Iron, Niacinamide, Vitamin B6, Riboflavin, Thiamin, Folic Acid, Vitamin D3, Vitamin B12",1.49
60,DRYCAM0060,Dry and Canned Foods,Campbell's,Campbell's Chicken Noodle,Campbell's Chicken Noodle 16 oz,16 oz,1,Rich flavor and wholesome nutrition in every serving,"Milled Corn, Sugar, Corn Syrup, Salt, Malt Flavoring, Iron, Vitamin C, Niacinamide, Vitamin B6, Vitamin B2, Vitamin B1, Folic Acid, Vitamin D, Vitamin B12",2.16
65,DRYCAM0065,Dry and Canned Foods,Campbell's,Campbell's Cream of Mushroom,Campbell's Cream of Mushroom 12 oz,12 oz,1,Nutritious and delicious addition to any meal,"Milled Corn, Sugar, Corn Syrup, Salt, Malt Flavoring, Iron, Vitamin C, Niacinamide, Vitamin B6, Vitamin B2, Vitamin B1, Folic Acid, Vitamin D, Vitamin B12",2.99
51,DRYCAM0051,Dry and Canned Foods,Campbell's,Campbell's Cream of Mushroom,Campbell's Cream of Mushroom 4-pack,4-pack,4,Nutritious and delicious addition to any meal. Convenient multi-pack for stocking up,"Rice, Sugar, Salt, Malt Flavor, Iron, Niacinamide, Vitamin B6, Riboflavin, Thiamin, Folic Acid, Vitamin D3, Vitamin B12",5.47
84,DRYCAM0084,Dry and Canned Foods,Campbell's,Campbell's Tomato Soup,Campbell's Tomato Soup 4-pack,4-pack,4,Convenient and ready-to-use for quick meal preparation. Convenient multi-pack for stocking up,"Water, Tomato Puree, High Fructose Corn Syrup, Wheat Flour, Salt, Potassium Chloride, Citric Acid, Natural Flavoring, Ascorbic Acid, Monopotassium Phosphate",4.91
74,DRYDEL0074,Dry and Canned Foods,Del Monte,Del Monte Corn,Del Monte Corn 12 oz,12 oz,1,Perfect for creating your favorite recipes,"Green Beans, Water, Salt, Calcium Chloride (firming agent)",3.06
52,DRYDEL0052,Dry and Canned Foods,Del Monte,Del Monte Corn,Del Monte Corn 2 lb,2 lb,1,Perfect for creating your favorite recipes,"Pinto Beans, Water, Salt, Calcium Chloride, Ferrous Gluconate (color retention)",4.69
45,DRYDEL0045,Dry and Canned Foods,Del Monte,Del Monte Corn,Del Monte Corn 28 oz,28 oz,1,Premium quality ingredients for delicious home-cooked meals,"Pinto Beans, Water, Salt, Calcium Chloride, Ferrous Gluconate (color retention)",2.73
77,DRYDEL0077,Dry and Canned Foods,Del Monte,Del Monte Green Beans,Del Monte Green Beans 1 lb,1 lb,1,High-quality product packed at peak freshness,"Green Beans, Water, Salt, Calcium Chloride (firming agent)",2.38
67,DRYDEL0067,Dry and Canned Foods,Del Monte,Del Monte Green Beans,Del Monte Green Beans 14.5 oz,14.5 oz,1,Made with carefully selected ingredients for great taste,"Green Beans, Water, Salt, Calcium Chloride (firming agent)",1.52
81,DRYDEL0081,Dry and Canned Foods,Del Monte,Del Monte Green Beans,Del Monte Green Beans 16 oz,16 oz,1,Traditional recipe with authentic flavor,"Sweet Corn, Water, Sugar, Salt, Natural Flavor",1.9
88,DRYDEL0088,Dry and Canned Foods,Del Monte,Del Monte Green Beans,Del Monte Green Beans 18 oz,18 oz,1,Nutritious and delicious addition to any meal,"Pinto Beans, Water, Salt, Calcium Chloride, Ferrous Gluconate (color retention)",3.17
53,DRYDEL0053,Dry and Canned Foods,Del Monte,Del Monte Green Beans,Del Monte Green Beans 28 oz,28 oz,1,Traditional recipe with authentic flavor,"Pinto Beans, Water, Salt, Calcium Chloride, Ferrous Gluconate (color retention)",2.8
49,DRYGEN0049,Dry and Canned Foods,General Mills,Cheerios,Cheerios 14.5 oz,14.5 oz,1,Made with carefully selected ingredients for great taste,"Milled Corn, Sugar, Corn Syrup, Salt, Malt Flavoring, Iron, Vitamin C, Niacinamide, Vitamin B6, Vitamin B2, Vitamin B1, Folic Acid, Vitamin D, Vitamin B12",1.37
50,DRYGEN0050,Dry and Canned Foods,General Mills,Lucky Charms,Lucky Charms 2 lb,2 lb,1,Rich flavor and wholesome nutrition in every serving,"Rice, Sugar, Salt, Malt Flavor, Iron, Niacinamide, Vitamin B6, Riboflavin, Thiamin, Folic Acid, Vitamin D3, Vitamin B12",4.41
90,DRYGOY0090,Dry and Canned Foods,Goya,Goya Black Beans,Goya Black Beans 16 oz,16 oz,1,Made with carefully selected ingredients for great taste,"Green Beans, Water, Salt, Calcium Chloride (firming agent)",1.94
86,DRYGOY0086,Dry and Canned Foods,Goya,Goya Chickpeas,Goya Chickpeas 16 oz,16 oz,1,Perfect for creating your favorite recipes,"Rice, Sugar, Salt, Malt Flavor, Iron, Niacinamide, Vitamin B6, Riboflavin, Thiamin, Folic Acid, Vitamin D3, Vitamin B12",1.86
72,DRYKEL0072,Dry and Canned Foods,Kellogg's,Kellogg's Corn Flakes,Kellogg's Corn Flakes 16 oz,16 oz,1,High-quality product packed at peak freshness,"Pinto Beans, Water, Salt, Calcium Chloride, Ferrous Gluconate (color retention)",1.95
42,DRYKEL0042,Dry and Canned Foods,Kellogg's,Kellogg's Frosted Flakes,Kellogg's Frosted Flakes 18 oz,18 oz,1,High-quality product packed at peak freshness,"Milled Corn, Sugar, Corn Syrup, Salt, Malt Flavoring, Iron, Vitamin C, Niacinamide, Vitamin B6, Vitamin B2, Vitamin B1, Folic Acid, Vitamin D, Vitamin B12",3.46
89,DRYKEL0089,Dry and Canned Foods,Kellogg's,Kellogg's Rice Krispies,Kellogg's Rice Krispies 18 oz,18 oz,1,High-quality product packed at peak freshness,"Parboiled Long Grain Rice, Iron (Ferric Orthophosphate), Niacin, Thiamine Mononitrate, Folic Acid",3.24
76,DRYKNO0076,Dry and Canned Foods,Knorr,Knorr Beef Bouillon,Knorr Beef Bouillon 15 oz,15 oz,1,Made with carefully selected ingredients for great taste,"Whole Grain Oats, Corn Starch, Sugar, Salt, Tripotassium Phosphate, Vitamin E (mixed tocopherols), Niacinamide, Iron, Vitamin B6, Vitamin B2, Vitamin B1, Folic Acid, Vitamin B12, Vitamin D3",1.84
56,DRYKNO0056,Dry and Canned Foods,Knorr,Knorr Chicken Bouillon,Knorr Chicken Bouillon 10.75 oz,10.75 oz,1,High-quality product packed at peak freshness,"Whole Grain Oats, Corn Starch, Sugar, Salt, Tripotassium Phosphate, Vitamin E (mixed tocopherols), Niacinamide, Iron, Vitamin B6, Vitamin B2, Vitamin B1, Folic Acid, Vitamin B12, Vitamin D3",1.33
66,DRYKNO0066,Dry and Canned Foods,Knorr,Knorr Chicken Bouillon,Knorr Chicken Bouillon 10.75 oz,10.75 oz,1,Perfect for creating your favorite recipes,"Whole Grain Oats, Corn Starch, Sugar, Salt, Tripotassium Phosphate, Vitamin E (mixed tocopherols), Niacinamide, Iron, Vitamin B6, Vitamin B2, Vitamin B1, Folic Acid, Vitamin B12, Vitamin D3",1.41
57,DRYKNO0057,Dry and Canned Foods,Knorr,Knorr Chicken Bouillon,Knorr Chicken Bouillon 14.5 oz,14.5 oz,1,High-quality product packed at peak freshness,"Rice, Sugar, Salt, Malt Flavor, Iron, Niacinamide, Vitamin B6, Riboflavin, Thiamin, Folic Acid, Vitamin D3, Vitamin B12",1.62
79,DRYKNO0079,Dry and Canned Foods,Knorr,Knorr Chicken Bouillon,Knorr Chicken Bouillon 4-pack,4-pack,4,Traditional recipe with authentic flavor. Convenient multi-pack for stocking up,"Milled Corn, Sugar, Corn Syrup, Salt, Malt Flavoring, Iron, Vitamin C, Niacinamide, Vitamin B6, Vitamin B2, Vitamin B1, Folic Acid, Vitamin D, Vitamin B12",5.31
62,DRYKNO0062,Dry and Canned Foods,Knorr,Knorr Tomato Bouillon,Knorr Tomato Bouillon 6-pack,6-pack,6,Made with carefully selected ingredients for great taste. Convenient multi-pack for stocking up,"Whole Grain Oats, Corn Starch, Sugar, Salt, Tripotassium Phosphate, Vitamin E (mixed tocopherols), Niacinamide, Iron, Vitamin B6, Vitamin B2, Vitamin B1, Folic Acid, Vitamin B12, Vitamin D3",6.97
73,DRYQUA0073,Dry and Canned Foods,Quaker,Quaker Instant Oatmeal,Quaker Instant Oatmeal 1 lb,1 lb,1,Nutritious and delicious addition to any meal,"Milled Corn, Sugar, Corn Syrup, Salt, Malt Flavoring, Iron, Vitamin C, Niacinamide, Vitamin B6, Vitamin B2, Vitamin B1, Folic Acid, Vitamin D, Vitamin B12",2.7
83,DRYQUA0083,Dry and Canned Foods,Quaker,Quaker Instant Oatmeal,Quaker Instant Oatmeal 16 oz,16 oz,1,Perfect for creating your favorite recipes,"Rice, Sugar, Salt, Malt Flavor, Iron, Niacinamide, Vitamin B6, Riboflavin, Thiamin, Folic Acid, Vitamin D3, Vitamin B12",2.15
47,DRYQUA0047,Dry and Canned Foods,Quaker,Quaker Instant Oatmeal,Quaker Instant Oatmeal 28 oz,28 oz,1,Perfect for creating your favorite recipes,"Whole Grain Oats, Corn Starch, Sugar, Salt, Tripotassium Phosphate, Vitamin E (mixed tocopherols), Niacinamide, Iron, Vitamin B6, Vitamin B2, Vitamin B1, Folic Acid, Vitamin B12, Vitamin D3",3.01
85,DRYQUA0085,Dry and Canned Foods,Quaker,Quaker Oats Original,Quaker Oats Original 10.75 oz,10.75 oz,1,Made with carefully selected ingredients for great taste,"Rice, Sugar, Salt, Malt Flavor, Iron, Niacinamide, Vitamin B6, Riboflavin, Thiamin, Folic Acid, Vitamin D3, Vitamin B12",1.25
80,DRYQUA0080,Dry and Canned Foods,Quaker,Quaker Oats Original,Quaker Oats Original 15 oz,15 oz,1,Nutritious and delicious addition to any meal,"Whole Grain Oats, Corn Starch, Sugar, Salt, Tripotassium Phosphate, Vitamin E (mixed tocopherols), Niacinamide, Iron, Vitamin B6, Vitamin B2, Vitamin B1, Folic Acid, Vitamin B12, Vitamin D3",1.61
71,DRYUNC0071,Dry and Canned Foods,Uncle Ben's,Uncle Ben's Brown Rice,Uncle Ben's Brown Rice 16 oz,16 oz,1,Premium quality ingredients for delicious home-cooked meals,"Parboiled Long Grain Rice, Iron (Ferric Orthophosphate), Niacin, Thiamine Mononitrate, Folic Acid",1.87
48,DRYUNC0048,Dry and Canned Foods,Uncle Ben's,Uncle Ben's Brown Rice,Uncle Ben's Brown Rice 28 oz,28 oz,1,Rich flavor and wholesome nutrition in every serving,"Parboiled Long Grain Rice, Iron (Ferric Orthophosphate), Niacin, Thiamine Mononitrate, Folic Acid",3.16
44,DRYUNC0044,Dry and Canned Foods,Uncle Ben's,Uncle Ben's White Rice,Uncle Ben's White Rice 1 kg,1 kg,1,Rich flavor and wholesome nutrition in every serving,"Parboiled Long Grain Rice, Iron (Ferric Orthophosphate), Niacin, Thiamine Mononitrate, Folic Acid",4.71
69,DRYUNC0069,Dry and Canned Foods,Uncle Ben's,Uncle Ben's White Rice,Uncle Ben's White Rice 1 kg,1 kg,1,Premium quality ingredients for delicious home-cooked meals,"Parboiled Long Grain Rice, Iron (Ferric Orthophosphate), Niacin, Thiamine Mononitrate, Folic Acid",5.08
75,DRYUNC0075,Dry and Canned Foods,Uncle Ben's,Uncle Ben's White Rice,Uncle Ben's White Rice 14.5 oz,14.5 oz,1,Rich flavor and wholesome nutrition in every serving,"Enriched Long Grain White Rice (Niacin, Iron, Thiamine Mononitrate, Folic Acid)",1.5
70,DRYUNC0070,Dry and Canned Foods,Uncle Ben's,Uncle Ben's White Rice,Uncle Ben's White Rice 2 lb,2 lb,1,Made with carefully selected ingredients for great taste,"Parboiled Long Grain Rice, Iron (Ferric Orthophosphate), Niacin, Thiamine Mononitrate, Folic Acid",4.63
64,DRYUNC0064,Dry and Canned Foods,Uncle Ben's,Uncle Ben's White Rice,Uncle Ben's White Rice 6-pack,6-pack,6,Traditional recipe with authentic flavor. Convenient multi-pack for stocking up,"Enriched Long Grain White Rice (Niacin, Iron, Thiamine Mononitrate, Folic Acid)",6.73
192,PERCOL0192,Personal Care,Colgate,Colgate Toothpaste Regular,Colgate Toothpaste Regular 12 oz,12 oz,1,Dermatologist-tested and safe for sensitive skin,"Sorbitol, Water, Hydrated Silica, Sodium Lauryl Sulfate, Trisodium Phosphate, Flavor, Cellulose Gum, Sodium Phosphate, Carbomer, Sodium Saccharin, Sodium Fluoride, Titanium Dioxide",4.76
193,PERCOL0193,Personal Care,Colgate,Colgate Toothpaste Regular,Colgate Toothpaste Regular 12 oz,12 oz,1,Trusted quality for your daily routine,"Glycerin, Hydrated Silica, Water, Sodium Hexametaphosphate, Propylene Glycol, PEG-6, Flavor, Sodium Lauryl Sulfate, Cocamidopropyl Betaine, Sodium Saccharin, Xanthan Gum, Sodium Fluoride, Titanium Dioxide",4.66
194,PERCOL0194,Personal Care,Colgate,Colgate Toothpaste Regular,Colgate Toothpaste Regular 3.75 oz,3.75 oz,1,Dermatologist-tested and safe for sensitive skin,"Sorbitol, Water, Hydrated Silica, Sodium Lauryl Sulfate, Trisodium Phosphate, Flavor, Cellulose Gum, Sodium Phosphate, Carbomer, Sodium Saccharin, Sodium Fluoride, Titanium Dioxide",1.46
187,PERCOL0187,Personal Care,Colgate,Colgate Toothpaste Regular,Colgate Toothpaste Regular 8 oz,8 oz,1,Clinically proven effectiveness with a fresh feel,"Sorbitol, Water, Hydrated Silica, Sodium Lauryl Sulfate, Trisodium Phosphate, Flavor, Cellulose Gum, Sodium Phosphate, Carbomer, Sodium Saccharin, Sodium Fluoride, Titanium Dioxide",3.25
199,PERCOL0199,Personal Care,Colgate,Colgate Toothpaste Regular,Colgate Toothpaste Regular 8 oz,8 oz,1,Effective protection that lasts all day,"Sorbitol, Water, Hydrated Silica, Sodium Lauryl Sulfate, Trisodium Phosphate, Flavor, Cellulose Gum, Sodium Phosphate, Carbomer, Sodium Saccharin, Sodium Fluoride, Titanium Dioxide",3.69
183,PERCRE0183,Personal Care,Crest,Crest Toothpaste Pro-Health,Crest Toothpaste Pro-Health 6 oz,6 oz,1,Clinically proven effectiveness with a fresh feel,"Glycerin, Hydrated Silica, Water, Sodium Hexametaphosphate, Propylene Glycol, PEG-6, Flavor, Sodium Lauryl Sulfate, Cocamidopropyl Betaine, Sodium Saccharin, Xanthan Gum, Sodium Fluoride, Titanium Dioxide",2.68
185,PERCRE0185,Personal Care,Crest,Crest Toothpaste Regular,Crest Toothpaste Regular 16 oz,16 oz,1,Trusted quality for your daily routine,"Glycerin, Hydrated Silica, Water, Sodium Hexametaphosphate, Propylene Glycol, PEG-6, Flavor, Sodium Lauryl Sulfate, Cocamidopropyl Betaine, Sodium Saccharin, Xanthan Gum, Sodium Fluoride, Titanium Dioxide",6.52
189,PERDEG0189,Personal Care,Degree,Degree Men Deodorant,Degree Men Deodorant Travel Size 2 oz,Travel Size 2 oz,1,Long-lasting freshness and confidence. TSA-approved size perfect for travel,"Aluminum Chlorohydrate, Cyclopentasiloxane, Steareth-2, Steareth-21, Mineral Oil, PPG-14 Butyl Ether, Fragrance, Hydrogenated Castor Oil, Petrolatum",1.94
182,PERDOV0182,Personal Care,Dove,Dove Bar Soap Original,Dove Bar Soap Original Travel Size 2 oz,Travel Size 2 oz,1,Gentle formula for daily care and protection. TSA-approved size perfect for travel,"Sodium Lauroyl Isethionate, Stearic Acid, Sodium Tallowate or Sodium Palmitate, Lauric Acid, Sodium Isethionate, Water, Sodium Stearate, Cocamidopropyl Betaine, Sodium Cocoate or Sodium Palm Kernelate, Fragrance, Sodium Chloride, Tetrasodium EDTA, Tetrasodium Etidronate, Titanium Dioxide",1.91
181,PERDOV0181,Personal Care,Dove,Dove Body Wash,Dove Body Wash Travel Size 2 oz,Travel Size 2 oz,1,Effective protection that lasts all day. TSA-approved size perfect for travel,"Sodium Lauroyl Isethionate, Stearic Acid, Sodium Tallowate or Sodium Palmitate, Lauric Acid, Sodium Isethionate, Water, Sodium Stearate, Cocamidopropyl Betaine, Sodium Cocoate or Sodium Palm Kernelate, Fragrance, Sodium Chloride, Tetrasodium EDTA, Tetrasodium Etidronate, Titanium Dioxide",1.84
198,PERHEA0198,Personal Care,Head & Shoulders,Head & Shoulders Classic,Head & Shoulders Classic 16 oz,16 oz,1,Clinically proven effectiveness with a fresh feel,"Water, Sodium Laureth Sulfate, Sodium Lauryl Sulfate, Cocamidopropyl Betaine, Glycol Distearate, Dimethicone, Zinc Pyrithione, Fragrance, Sodium Chloride, Cetyl Alcohol, Guar Hydroxypropyltrimonium Chloride, Magnesium Carbonate Hydroxide, Sodium Xylenesulfonate, Sodium Benzoate, Methylchloroisothiazolinone, Methylisothiazolinone",6.38
196,PERPAN0196,Personal Care,Pantene,Pantene Conditioner Classic,Pantene Conditioner Classic 6 oz,6 oz,1,Effective protection that lasts all day,"Water, Sodium Laureth Sulfate, Sodium Lauryl Sulfate, Cocamidopropyl Betaine, Glycol Distearate, Dimethicone, Zinc Pyrithione, Fragrance, Sodium Chloride, Cetyl Alcohol, Guar Hydroxypropyltrimonium Chloride, Magnesium Carbonate Hydroxide, Sodium Xylenesulfonate, Sodium Benzoate, Methylchloroisothiazolinone, Methylisothiazolinone",2.58
200,PERPAN0200,Personal Care,Pantene,Pantene Conditioner Classic,Pantene Conditioner Classic 6 oz,6 oz,1,Clinically proven effectiveness with a fresh feel,"Water, Sodium Laureth Sulfate, Sodium Citrate, Cocamidopropyl Betaine, Sodium Xylenesulfonate, Sodium Lauryl Sulfate, Fragrance, Citric Acid, Sodium Benzoate, Sodium Chloride, Glycol Distearate, Dimethiconol, Guar Hydroxypropyltrimonium Chloride, TEA-Dodecylbenzenesulfonate, Trideceth-10, Panthenol, Panthenyl Ethyl Ether, Methylchloroisothiazolinone, Methylisothiazolinone",2.47
184,PERPAN0184,Personal Care,Pantene,Pantene Conditioner Classic,Pantene Conditioner Classic Single,Single,1,Gentle formula for daily care and protection,"Water, Sodium Laureth Sulfate, Sodium Lauryl Sulfate, Cocamidopropyl Betaine, Glycol Distearate, Dimethicone, Zinc Pyrithione, Fragrance, Sodium Chloride, Cetyl Alcohol, Guar Hydroxypropyltrimonium Chloride, Magnesium Carbonate Hydroxide, Sodium Xylenesulfonate, Sodium Benzoate, Methylchloroisothiazolinone, Methylisothiazolinone",2.95
188,PERPAN0188,Personal Care,Pantene,Pantene Shampoo Classic,Pantene Shampoo Classic 12 oz,12 oz,1,Long-lasting freshness and confidence,"Water, Sodium Laureth Sulfate, Sodium Citrate, Cocamidopropyl Betaine, Sodium Xylenesulfonate, Sodium Lauryl Sulfate, Fragrance, Citric Acid, Sodium Benzoate, Sodium Chloride, Glycol Distearate, Dimethiconol, Guar Hydroxypropyltrimonium Chloride, TEA-Dodecylbenzenesulfonate, Trideceth-10, Panthenol, Panthenyl Ethyl Ether, Methylchloroisothiazolinone, Methylisothiazolinone",4.61
197,PERPAN0197,Personal Care,Pantene,Pantene Shampoo Classic,Pantene Shampoo Classic 2-pack,2-pack,2,Long-lasting freshness and confidence. Convenient multi-pack for stocking up,"Water, Sodium Laureth Sulfate, Sodium Citrate, Cocamidopropyl Betaine, Sodium Xylenesulfonate, Sodium Lauryl Sulfate, Fragrance, Citric Acid, Sodium Benzoate, Sodium Chloride, Glycol Distearate, Dimethiconol, Guar Hydroxypropyltrimonium Chloride, TEA-Dodecylbenzenesulfonate, Trideceth-10, Panthenol, Panthenyl Ethyl Ether, Methylchloroisothiazolinone, Methylisothiazolinone",3.68
191,PERPAN0191,Personal Care,Pantene,Pantene Shampoo Classic,Pantene Shampoo Classic 3-pack,3-pack,3,Effective protection that lasts all day. Convenient multi-pack for stocking up,"Water, Sodium Laureth Sulfate, Sodium Citrate, Cocamidopropyl Betaine, Sodium Xylenesulfonate, Sodium Lauryl Sulfate, Fragrance, Citric Acid, Sodium Benzoate, Sodium Chloride, Glycol Distearate, Dimethiconol, Guar Hydroxypropyltrimonium Chloride, TEA-Dodecylbenzenesulfonate, Trideceth-10, Panthenol, Panthenyl Ethyl Ether, Methylchloroisothiazolinone, Methylisothiazolinone",4.9
186,PERSEC0186,Personal Care,Secret,Secret Deodorant Original,Secret Deodorant Original 6 oz,6 oz,1,Nourishing ingredients for healthy care,"Cyclopentasiloxane, Aluminum Zirconium Tetrachlorohydrex Gly, Dimethicone, Talc, Fragrance, Stearyl Alcohol, PPG-14 Butyl Ether, Hydrogenated Castor Oil",2.44
190,PERSEC0190,Personal Care,Secret,Secret Deodorant Powder Fresh,Secret Deodorant Powder Fresh 3-pack,3-pack,3,Long-lasting freshness and confidence. Convenient multi-pack for stocking up,"Aluminum Chlorohydrate, Cyclopentasiloxane, Steareth-2, Steareth-21, Mineral Oil, PPG-14 Butyl Ether, Fragrance, Hydrogenated Castor Oil, Petrolatum",4.93
195,PERSEC0195,Personal Care,Secret,Secret Deodorant Powder Fresh,Secret Deodorant Powder Fresh 3.75 oz,3.75 oz,1,Advanced formula for superior results,"Aluminum Chlorohydrate, Cyclopentasiloxane, Steareth-2, Steareth-21, Mineral Oil, PPG-14 Butyl Ether, Fragrance, Hydrogenated Castor Oil, Petrolatum",1.41
178,SNACHE0178,Snacks and Candy,Cheetos,Cheetos Crunchy,Cheetos Crunchy 13 oz,13 oz,1,Sweet and satisfying treat,"Enriched Corn Meal (Corn Meal, Ferrous Sulfate, Niacin, Thiamin Mononitrate, Riboflavin, Folic Acid), Vegetable Oil, Cheese Seasoning (Whey, Cheddar Cheese, Canola Oil, Maltodextrin, Natural and Artificial Flavors, Salt, Whey Protein Concentrate, Monosodium Glutamate, Lactic Acid, Citric Acid, Artificial Color), and Salt",6.28
167,SNACHE0167,Snacks and Candy,Cheetos,Cheetos Puffs,Cheetos Puffs 13 oz,13 oz,1,Fun and tasty snack for sharing,"Potatoes, Vegetable Oil (Sunflower, Corn, and/or Canola Oil), Salt",5.82
164,SNADOR0164,Snacks and Candy,Doritos,Doritos Cool Ranch,Doritos Cool Ranch Family Size 15 oz,Family Size 15 oz,1,Delicious taste that satisfies every craving. Perfect for families and gatherings,"Corn, Vegetable Oil (Corn, Canola, and/or Sunflower Oil), Maltodextrin, Salt, Cheddar Cheese (Milk, Cheese Cultures, Salt, Enzymes), Whey, Monosodium Glutamate, Buttermilk, Romano Cheese, Whey Protein Concentrate, Onion Powder, Natural and Artificial Flavor, Dextrose, Tomato Powder, Lactose, Spices, Artificial Color (Yellow 6, Yellow 5, Red 40), Lactic Acid, Citric Acid, Sugar, Garlic Powder, Skim Milk, Red and Green Bell Pepper Powder, Disodium Inosinate, Disodium Guanylate",5.68
170,SNADOR0170,Snacks and Candy,Doritos,Doritos Nacho Cheese,Doritos Nacho Cheese 10 oz,10 oz,1,Fun and tasty snack for sharing,"Enriched Corn Meal (Corn Meal, Ferrous Sulfate, Niacin, Thiamin Mononitrate, Riboflavin, Folic Acid), Vegetable Oil, Cheese Seasoning (Whey, Cheddar Cheese, Canola Oil, Maltodextrin, Natural and Artificial Flavors, Salt, Whey Protein Concentrate, Monosodium Glutamate, Lactic Acid, Citric Acid, Artificial Color), and Salt",4.48
171,SNAHER0171,Snacks and Candy,Hershey's,Hershey's Kisses,Hershey's Kisses 12-pack,12-pack,12,Bold flavor in every bite. Convenient multi-pack for stocking up,"Milk Chocolate (Sugar, Chocolate, Cocoa Butter, Skim Milk, Milk Fat, Lactose, Soy Lecithin, PGPR, Natural Flavor)",10.41
177,SNAHER0177,Snacks and Candy,Hershey's,Hershey's Kisses,Hershey's Kisses 2.5 oz,2.5 oz,1,Classic flavor that everyone loves,"Milk Chocolate (Sugar, Cocoa Butter, Chocolate, Skim Milk, Lactose, Milkfat, Soy Lecithin, Salt, Natural Flavor), Sugar, Corn Syrup, Hydrogenated Palm Kernel Oil, Less than 2% of Cornstarch, Dextrin, Colors (includes Red 40, Yellow 6, Yellow 5, Blue 1, Blue 2, Red 40 Lake, Yellow 6 Lake, Yellow 5 Lake, Blue 1 Lake, Blue 2 Lake), Gum Acacia, Carnauba Wax",1.56
173,SNAKIT0173,Snacks and Candy,Kit Kat,Kit Kat Regular,Kit Kat Regular 1.55 oz,1.55 oz,1,Classic flavor that everyone loves,"Milk Chocolate (Sugar, Cocoa Butter, Chocolate, Skim Milk, Lactose, Milkfat, Soy Lecithin, Salt, Natural Flavor), Sugar, Corn Syrup, Hydrogenated Palm Kernel Oil, Less than 2% of Cornstarch, Dextrin, Colors (includes Red 40, Yellow 6, Yellow 5, Blue 1, Blue 2, Red 40 Lake, Yellow 6 Lake, Yellow 5 Lake, Blue 1 Lake, Blue 2 Lake), Gum Acacia, Carnauba Wax",1.33
175,SNAKIT0175,Snacks and Candy,Kit Kat,Kit Kat Regular,Kit Kat Regular 3.5 oz,3.5 oz,1,Delicious taste that satisfies every craving,"Milk Chocolate (Sugar, Chocolate, Cocoa Butter, Skim Milk, Milk Fat, Lactose, Soy Lecithin, PGPR, Natural Flavor)",2.59
180,SNAM&M0180,Snacks and Candy,M&M's,M&M's Milk Chocolate,M&M's Milk Chocolate 3.5 oz,3.5 oz,1,Classic flavor that everyone loves,"Milk Chocolate (Sugar, Cocoa Butter, Chocolate, Skim Milk, Lactose, Milkfat, Soy Lecithin, Salt, Natural Flavor), Sugar, Corn Syrup, Hydrogenated Palm Kernel Oil, Less than 2% of Cornstarch, Dextrin, Colors (includes Red 40, Yellow 6, Yellow 5, Blue 1, Blue 2, Red 40 Lake, Yellow 6 Lake, Yellow 5 Lake, Blue 1 Lake, Blue 2 Lake), Gum Acacia, Carnauba Wax",2.33
169,SNAM&M0169,Snacks and Candy,M&M's,M&M's Milk Chocolate,M&M's Milk Chocolate Party Size 20 oz,Party Size 20 oz,1,Perfect snack for any time of day. Perfect for families and gatherings,"Milk Chocolate (Sugar, Chocolate, Cocoa Butter, Skim Milk, Milk Fat, Lactose, Soy Lecithin, PGPR, Natural Flavor)",8.71
168,SNAM&M0168,Snacks and Candy,M&M's,M&M's Peanut,M&M's Peanut 1.55 oz,1.55 oz,1,Bold flavor in every bite,"Milk Chocolate (Sugar, Chocolate, Cocoa Butter, Skim Milk, Milk Fat, Lactose, Soy Lecithin, PGPR, Natural Flavor)",1.39
176,SNAM&M0176,Snacks and Candy,M&M's,M&M's Peanut,M&M's Peanut 1.55 oz,1.55 oz,1,Delicious taste that satisfies every craving,"Milk Chocolate (Sugar, Cocoa Butter, Chocolate, Skim Milk, Lactose, Milkfat, Soy Lecithin, Salt, Natural Flavor), Sugar, Corn Syrup, Hydrogenated Palm Kernel Oil, Less than 2% of Cornstarch, Dextrin, Colors (includes Red 40, Yellow 6, Yellow 5, Blue 1, Blue 2, Red 40 Lake, Yellow 6 Lake, Yellow 5 Lake, Blue 1 Lake, Blue 2 Lake), Gum Acacia, Carnauba Wax",1.22
163,SNAM&M0163,Snacks and Candy,M&M's,M&M's Peanut,M&M's Peanut 13 oz,13 oz,1,Sweet and satisfying treat,"Milk Chocolate (Sugar, Chocolate, Cocoa Butter, Skim Milk, Milk Fat, Lactose, Soy Lecithin, PGPR, Natural Flavor)",6.39
179,SNAM&M0179,Snacks and Candy,M&M's,M&M's Peanut,M&M's Peanut 2.5 oz,2.5 oz,1,Classic flavor that everyone loves,"Milk Chocolate (Sugar, Cocoa Butter, Chocolate, Skim Milk, Lactose, Milkfat, Soy Lecithin, Salt, Natural Flavor), Sugar, Corn Syrup, Hydrogenated Palm Kernel Oil, Less than 2% of Cornstarch, Dextrin, Colors (includes Red 40, Yellow 6, Yellow 5, Blue 1, Blue 2, Red 40 Lake, Yellow 6 Lake, Yellow 5 Lake, Blue 1 Lake, Blue 2 Lake), Gum Acacia, Carnauba Wax",1.59
162,SNAM&M0162,Snacks and Candy,M&M's,M&M's Peanut,M&M's Peanut Family Size 15 oz,Family Size 15 oz,1,Irresistibly crunchy and flavorful snack. Perfect for families and gatherings,"Milk Chocolate (Sugar, Chocolate, Cocoa Butter, Skim Milk, Milk Fat, Lactose, Soy Lecithin, PGPR, Natural Flavor)",5.91
165,SNAORE0165,Snacks and Candy,Oreo,Oreo Golden,Oreo Golden 6-pack,6-pack,6,Bold flavor in every bite. Convenient multi-pack for stocking up,"Unbleached Enriched Flour (Wheat Flour, Niacin, Reduced Iron, Thiamine Mononitrate, Riboflavin, Folic Acid), Sugar, Palm and/or Canola Oil, Cocoa (processed with alkali), High Fructose Corn Syrup, Leavening (Baking Soda and/or Calcium Phosphate), Salt, Soy Lecithin, Chocolate, Artificial Flavor",6.19
161,SNAORE0161,Snacks and Candy,Oreo,Oreo Golden,Oreo Golden 9 oz,9 oz,1,Delicious taste that satisfies every craving,"Unbleached Enriched Flour (Wheat Flour, Niacin, Reduced Iron, Thiamine Mononitrate, Riboflavin, Folic Acid), Sugar, Palm and/or Canola Oil, Cocoa (processed with alkali), High Fructose Corn Syrup, Leavening (Baking Soda and/or Calcium Phosphate), Salt, Soy Lecithin, Chocolate, Artificial Flavor",3.94
172,SNAORE0172,Snacks and Candy,Oreo,Oreo Original,Oreo Original 2.5 oz,2.5 oz,1,Fun and tasty snack for sharing,"Unbleached Enriched Flour (Wheat Flour, Niacin, Reduced Iron, Thiamine Mononitrate, Riboflavin, Folic Acid), Sugar, Palm and/or Canola Oil, Cocoa (processed with alkali), High Fructose Corn Syrup, Leavening (Baking Soda and/or Calcium Phosphate), Salt, Soy Lecithin, Chocolate, Artificial Flavor",1.43
166,SNASNI0166,Snacks and Candy,Snickers,Snickers Regular,Snickers Regular Family Size 15 oz,Family Size 15 oz,1,"Crispy, crunchy, and absolutely delicious. Perfect for families and gatherings","Milk Chocolate (Sugar, Cocoa Butter, Chocolate, Skim Milk, Lactose, Milkfat, Soy Lecithin, Salt, Natural Flavor), Sugar, Corn Syrup, Hydrogenated Palm Kernel Oil, Less than 2% of Cornstarch, Dextrin, Colors (includes Red 40, Yellow 6, Yellow 5, Blue 1, Blue 2, Red 40 Lake, Yellow 6 Lake, Yellow 5 Lake, Blue 1 Lake, Blue 2 Lake), Gum Acacia, Carnauba Wax",6.41
174,SNASNI0174,Snacks and Candy,Snickers,Snickers Regular,Snickers Regular Party Size 20 oz,Party Size 20 oz,1,Bold flavor in every bite. Perfect for families and gatherings,"Milk Chocolate (Sugar, Cocoa Butter, Chocolate, Skim Milk, Lactose, Milkfat, Soy Lecithin, Salt, Natural Flavor), Sugar, Corn Syrup, Hydrogenated Palm Kernel Oil, Less than 2% of Cornstarch, Dextrin, Colors (includes Red 40, Yellow 6, Yellow 5, Blue 1, Blue 2, Red 40 Lake, Yellow 6 Lake, Yellow 5 Lake, Blue 1 Lake, Blue 2 Lake), Gum Acacia, Carnauba Wax",8.04
